Nama,Harga,Terjual,Kota
PUPUK CALCIUM MANOHARA 1 KG ORIGINAL PACK/ PUPUK KALSIUM BORON,Rp14.750,5RB Terjual,KAB. WONOSOBO
Pupuk Nutrisi Super Kalsium 99% Mencegah Kerontokan dan Penambah Rasa Buah,Rp12.150,3RB Terjual,KOTA DEPOK
Pupuk  Manohara Pupuk Kalsium Calsium Boron Fertilizer 1 Kg 100% Original,Rp17.000,"2,9RB Terjual",KAB. BOGOR
Kalsium Manohara 1kg,Rp16.500,"3,7RB Terjual",KAB. KEDIRI
Pupuk Kalsium Boron Untuk Sayur dan Buah MANOHARA 1 KG,Rp17.500,283 Terjual,KOTA MALANG
PUPUK TOPCALSI 1 KG KEMASAN PABRIK KALSIUM BORON,Rp16.500,"1,2RB Terjual",KOTA JAKARTA BARAT
Pupuk Nutrisi Super Calsium 99%,Rp12.000,522 Terjual,KOTA DEPOK
PUPUK CALCIUM SUPER TAWON 1 Kg,Rp17.820,25 Terjual,KAB. LIMA PULUH KOTO/KOTA
Pupuk Calsium Cap Tawon 1 kg,Rp17.500,36 Terjual,KAB. MAJALENGKA
Calbor Kalsium Boron MANOHARA 1KG,Rp19.500,910 Terjual,KAB. BANYUWANGI
Pupuk Kalsium Nitrat CN-G Pak Tani Saprotan Utama kemasan asli 1kg,Rp30.000,17 Terjual,KOTA MEDAN
KALSIUM MURNI 99 1KG,Rp13.500,113 Terjual,KAB. WONOSOBO
PUPUK MANOHARA 1 KG KEMASAN PABRIK KALSIUM BORON,Rp18.000,"1,6RB Terjual",KOTA JAKARTA BARAT
Pupuk Kalsium Calsium Original Murni 99 Ukuran 1kg,Rp14.900,849 Terjual,KAB. BOGOR
PUPUK CALSIUM BALICALS 1 Kg - Mesh 3000,Rp20.000,13 Terjual,KAB. LIMA PULUH KOTO/KOTA
PUPUK MANOHARA 1 KG KEMASAN PABRIK KALSIUM BORON,Rp18.000,106 Terjual,KOTA JAKARTA BARAT
Calsium Boron MANOHARA isi 1kg,Rp16.500,57 Terjual,KAB. CIANJUR
Meroke CALNIT 1 kg - Pupuk Kalsium Nitrat Hidroponik Grade TERBATAS,Rp17.000,,KOTA JAKARTA BARAT
Kalsium natural,Rp16.000,434 Terjual,KAB. MAGELANG
Top calsium 98 Pupuk calsium lengkap isi 1kg,Rp13.999,398 Terjual,KAB. WONOSOBO
Calsium super cap Kumbang 1kg,Rp10.000,24 Terjual,KAB. JEMBER
PUPUK CALSIUM SAFYCALS 1 KG + BORON,Rp14.850,15 Terjual,KAB. LIMA PULUH KOTO/KOTA
KALSIUM - MANOHARA 1 KG kalsium boron,Rp15.200,521 Terjual,KAB. WONOSOBO
Pupuk KALSIUM SUPER KUMBANG 1 kg cap tawon,Rp10.500,"1,5RB Terjual",KOTA SURABAYA
PUPUK CALSIUM POWER CAMB 1200 MESH KEMASAN 1 KG,Rp17.350,4 Terjual,KAB. KLATEN
[ COD ] KALSIUM SUSU UNTUK TANAMAN ANTI RONTOK & LAYU - 1 KG,Rp24.000,72 Terjual,KAB. BLORA
Pupuk Calsium Boron Plus ZPT POWER CALL 1liter,Rp33.000,215 Terjual,KAB. CIANJUR
Kalsium Cng 1 Kg,Rp22.500,317 Terjual,KAB. MAGELANG
Pupuk CNG CN-G Kalsium Nitrat Pak Tani Segel Pabrik,Rp24.000,1RB Terjual,KAB. SIDOARJO
Calsium Blue Feltilizer plus Boron Kemasan 1kg Serbuk Biru,Rp25.000,1 Terjual,KAB. KEDIRI
Pupuk Kalsium Manohara 1 kg  Plus Magnesium Boron Calsium Fertilizer Penambah Rasa Buah dan Mencegah Kerontokan,Rp17.999,214 Terjual,KOTA DEPOK
pupuk calsium super supercals 900 plus boron isi 1kg,Rp28.000,29 Terjual,KOTA PEKANBARU
Pupuk Kalsium Boron ManoHara 1kg,Rp15.500,54 Terjual,KAB. TEMANGGUNG
Pupuk Kalsium Cair Plus Boron Magnesium Kalsitor Calsium 1 Liter,Rp34.500,448 Terjual,KAB. PURWOREJO
PUPUK KALSIUM MANOHARA 1KG,Rp18.000,30 Terjual,KAB. SUMEDANG
PUPUK BORON 1 KG / BORON 1KG,Rp14.500,38 Terjual,KAB. PONOROGO
Kalsium Susu Untuk Tanaman 1kg Anti Rontok & Layu,Rp33.000,59 Terjual,KAB. PURWOREJO
Kalsium Murni 99 Kemasan 1 kg,Rp15.500,996 Terjual,KAB. KEDIRI
Pupuk CNG CN-G Kalsium Nitrat Pak Tani Segel Pabrik,Rp20.000,689 Terjual,KAB. WONOSOBO
Manohara Kalsium Boron 1 KG Kemasan Original,Rp15.500,,KAB. MAGELANG
Pupuk TOP Kalsium/Calsium 98 1kg Nutrisi lengkap mikra & mikro Mencegah kerontokan bunga dan buah,Rp19.000,15 Terjual,KAB. BOYOLALI
PUPUK MANOHARA 1 KG KEMASAN PABRIK KALSIUM BORON,Rp18.200,162 Terjual,KAB. BLORA
Kalsium Tanaman Anti Rontok NUTRICALS 1 Kg | Calcium Boron Nutricals 1kg Kalsium Boron,Rp15.000,99 Terjual,KAB. MALANG
Pupuk kalsium MANOHARA 1kg,Rp15.000,234 Terjual,KAB. KEDIRI
PUPUK KALSIUM + BORON NUTRI BLUE NUTRIBLUE 1KG,Rp19.900,99 Terjual,KAB. SUKABUMI
PUPUK TOPCALSI 1 KG KEMASAN PABRIK KALSIUM BORON,Rp17.000,522 Terjual,KAB. WONOSOBO
Pupuk Clanit Kalsium Nitrat Repack 1kg,Rp19.000,,KAB. KUDUS
PUPUK KALSIUM NITRAT CNG 1 KG @KEMASAN PABRIK,Rp25.000,107 Terjual,KOTA METRO
PUPUK CANTIK 1 KG KEMASAN PABRIK CALCIUM AMMONIUM NITRAT,Rp23.500,974 Terjual,KOTA JAKARTA BARAT
Pupuk Manohara Kalsium Boron Kemasan 1 kg,Rp22.000,57 Terjual,KOTA PALEMBANG
Calsium Super Cap Tawon Super Kalsium Pupuk Vitamin Buah Kemasan 1Kg,Rp15.000,,KOTA MEDAN
Pupuk Kalsium Magic Grow plus fungisida 1 kg / CASPER Calsium Super larut sempurna plus propineb anti jamur 1Kg dan 500 gram,Rp28.500 - Rp50.000,"5,2RB Terjual",KAB. JEMBER
pupuk calnit 1kg/calsium nitrat,Rp7.000 - Rp23.000,43 Terjual,KAB. BEKASI
PUPUK CNG CN-G CALSIUM / KALSIUM NITRAT PAK TANI KEMASAN PABRIK 1KG,Rp21.750,328 Terjual,KAB. PONOROGO
Cal-ha(pupuk calsium asam humat) 1 kg,Rp28.000,305 Terjual,KAB. WONOSOBO
Pupuk Kalsium Ratu kemasan Baru menjadi Fortune  Mencegah Rontok  MESH 4000 lebih Lembut dan Cepat Larut Kemasan 1 kg,Rp22.000,"2,1RB Terjual",KAB. KEDIRI
Pupuk Calsium + Asam Humat CAL HA  1KG,Rp30.000,"3,6RB Terjual",KAB. WONOSOBO
KALSIUM MURNI 99 1KG KG,Rp22.999,120 Terjual,KOTA BANJARBARU
PUPUK CNG CN-G KALSIUM NITRAT PAK TANI KEMASAN PABRIK 1 KG,Rp25.000,53 Terjual,KOTA JAKARTA BARAT
Karate Plus Boroni dan Yara Liva Nitrabor Pupuk Kalsium Boron dan Nitrat segala Tanaman,Rp11.800,580 Terjual,KAB. KLATEN
Pupuk Nutrisi Super Kalsium,Rp14.300,41 Terjual,KOTA DEPOK
Pupuk Calsium Java Higros 1 Kg,Rp37.800,27 Terjual,KAB. TUBAN
Pupuk Kalsium Sulfate (CaSO4) 1000 gram / 1 Kg,Rp7.999,,KOTA CIREBON
"Pupuk organik padi, Pupuk LADON - GROW, Pupuk Kalsium padi, Pupuk penambah bobot padi, Pupuk Kcl, Pupuk kilat,",Rp100.000,,KAB. JEMBER
Super CALBOR pupuk kalsium plus boron dari Agrisagira parahyangan isi 500gr,Rp47.700,,KAB. BLITAR
Pupuk Kalsium Magic Grow plus fungisida 1 kg / CASPER Calsium Super larut sempurna plus propineb anti jamur 1Kg dan 500 gram,Rp28.500 - Rp50.000,"5,2RB Terjual",KAB. JEMBER
pupuk calnit 1kg/calsium nitrat,Rp7.000 - Rp23.000,43 Terjual,KAB. BEKASI
PUPUK CNG CN-G CALSIUM / KALSIUM NITRAT PAK TANI KEMASAN PABRIK 1KG,Rp21.750,328 Terjual,KAB. PONOROGO
Cal-ha(pupuk calsium asam humat) 1 kg,Rp28.000,305 Terjual,KAB. WONOSOBO
Pupuk Kalsium Ratu kemasan Baru menjadi Fortune  Mencegah Rontok  MESH 4000 lebih Lembut dan Cepat Larut Kemasan 1 kg,Rp22.000,"2,1RB Terjual",KAB. KEDIRI
Pupuk Calsium + Asam Humat CAL HA  1KG,Rp30.000,"3,6RB Terjual",KAB. WONOSOBO
KALSIUM MURNI 99 1KG KG,Rp22.999,120 Terjual,KOTA BANJARBARU
PUPUK CNG CN-G KALSIUM NITRAT PAK TANI KEMASAN PABRIK 1 KG,Rp25.000,53 Terjual,KOTA JAKARTA BARAT
Karate Plus Boroni dan Yara Liva Nitrabor Pupuk Kalsium Boron dan Nitrat segala Tanaman,Rp11.800,580 Terjual,KAB. KLATEN
100%ORIGINAL Calsium Boron Fertilizer MANO CALBOR 1Kg,Rp21.500,75 Terjual,KAB. PONOROGO
Pupuk manohara 1 kg pupuk kalsium boron,Rp18.000,,KOTA MALANG
CALCIUM CARBONAT CaCO3/ KALSIUM KARBONAT 1KG,Rp5.000,28 Terjual,KOTA SURABAYA
Pupuk Kalsium Boron plus Zn Fortune Mesh 4000 cepat larut kemasan 1 kg,Rp22.000,166 Terjual,KAB. KEDIRI
Pupuk cegah rontok Calsium MANOHARA Original 1kg Calsium Boron Fertilizer,Rp8.000 - Rp21.500,10 Terjual,KOTA JAKARTA SELATAN
CALHA CAL HA 1KG KG PUPUK KALSIUM ASAM HUMAT,Rp34.499,360 Terjual,KOTA BANJARBARU
PUPUK KALSIGRO 98 BERAT 1 KG KEMASAN PABRIK KALSIUM BORON,Rp18.000,435 Terjual,KOTA JAKARTA BARAT
Pupuk super BORON+MGO repaking 1 kg,Rp8.000 - Rp26.000,,KOTA JAKARTA SELATAN
Pupuk kalsium nitrat CN-G cng cap pak tani isi 1kg,Rp29.000,,KAB. KARO
Pupuk KALSIUM NITRAT Larut Air Kemasan R3pack 1 KG (Tanpa Merk) sama seperti CALNIT dan CALCINIT untuk Hidroponik,Rp19.900,21 Terjual,KOTA JAMBI
PUPUK KALSIGRO 98 BERAT 1 KG KEMASAN PABRIK KALSIUM BORON,Rp18.000,18 Terjual,KOTA JAKARTA BARAT
Kalsium MILAGROW 1Kg anti rontok & busuk unsur hara kandungan lebih tinggi dari Mano hara,Rp29.000,24 Terjual,KAB. PONOROGO
Pupuk Nutri Calsium + Boron Zink Power Blue,Rp52.800 - Rp59.800,995 Terjual,KAB. BANDUNG
Pupuk Kalsium Nitrat CNG Pak Tani 1 kg,Rp17.300 - Rp21.900,92 Terjual,KAB. KEDIRI
Pupuk Canita 1 Kg Kalsium Nitrat Cap Tawon,Rp18.750,7 Terjual,KOTA BANDUNG
Pupuk cantik kalsium amonium nitrat 1 kg (repack),Rp30.000,,KAB. BANDUNG
Kalsium Manohara 1kg,Rp20.000,81 Terjual,KAB. TUBAN
Pupuk Kalsium Hara Garuda 1kg Mesh 3500 Lebih Lembut dan Cepat Larut,Rp21.000,"1,4RB Terjual",KAB. KEDIRI
Pupuk Kalsium MILAGROW Kemasan 1kg Mencegah Rontok dan Busuk,Rp19.900,445 Terjual,KAB. BOGOR
BESTCALCIUM SL Pupuk Kalsium Cair BestCalsium 400ML Buatan Germany,Rp79.000,,KOTA MALANG
Kalsium - MANOHARA - 1 kg kalsium Baron,Rp17.500,20 Terjual,KAB. KEDIRI
Grit Tepung 1 kg  Cangkang Telur Super 100% Murni Tanpa Campuran Sumber Kalsium Alami Pertanian Organik,Rp17.500,299 Terjual,KOTA YOGYAKARTA
Pupuk Nutricalha Calsium + Asam Humat 1 Kg | Nutri Cal Ha 1kg,Rp23.750,276 Terjual,KAB. MALANG
Kalsium Kumbang  1 kg,Rp8.500,11 Terjual,KAB. JEMBER
Calsium Boron Fertilizer MANO CALBOR kemasan 1KG,Rp21.500,202 Terjual,KAB. BANYUWANGI
TERBARU Hidroponik Meroke KARATE PLUS BORONI Pupuk Kalsium Nitrat kemasan 1Kg,Rp19.800,,KOTA JAKARTA BARAT
"Pupuk Kalsium 1 Kg, Curah Murah",Rp6.500,11 Terjual,KAB. MAGELANG
Pupuk Kalsium Suprecals 900 Boron isi 1kg,Rp14.000,165 Terjual,KOTA MEDAN
Pupuk kalsium calsium  Antiron Calsium Super Manohara 95 % 1Kg,Rp14.000,63 Terjual,KAB. BOGOR
Calsium Cair Terlengkap Kemasan 1Liter,Rp17.000,77 Terjual,KAB. GRESIK
PUPUK TOPCALSI 1 KG KEMASAN PABRIK KALSIUM BORON,Rp16.500,73 Terjual,KOTA JAKARTA BARAT
"Calsium super Cap""Tawon""",Rp15.000,181 Terjual,KAB. KEDIRI
pupuk magic super calsium boron 1kg suplemen tanaman,Rp24.000,27 Terjual,KAB. INDRAMAYU
Calha Cal Ha 1Kg Pupuk Kalsium Asam Humat,Rp30.000,261 Terjual,KAB. BOGOR
Pupuk FERTIKALI 2 kg merupakan campuran dari KNO3 dan kalsium produksi Saprotan utama pak tani,Rp60.000,13 Terjual,KOTA SURABAYA
Pupuk Mikro Kalsium Boron Pencegah Rontok Mano calbor isi 1 kg,Rp15.900,12 Terjual,KAB. BATANG
CALSIUM FERTILIZER NARUTAL 1KG,Rp16.900,6 Terjual,KAB. KEDIRI
Meroke CALNIT Pupuk Kalsium Nitrat Calcinit Hidroponik Repacking 500 gram PRAKTIS - EKONOMIS,Rp17.000,3 Terjual,KOTA YOGYAKARTA
Pupuk Kalsium Supercals 900 Boron isi 1kg,Rp15.500,270 Terjual,KOTA MEDAN
"Pupuk Trichoderma SP Calsium + Boron 1 kg (Anti Jamur, Bakteri, & virus)",Rp19.900,192 Terjual,KAB. PRINGSEWU
PUPUK KALSIUM  ‚Äì TOPCALSI 1KG natural balical bolacal,Rp16.000,282 Terjual,KAB. WONOSOBO
PUPUK CALCIUM HYDROXIDA - 500 ML,Rp36.500,23 Terjual,KAB. NGANJUK
"ùòΩùô°ùôñùôòùô† ùòæùôñùô°ùô®ùôûùô™ùô¢ ùô¨ùôùùôûùô©ùôö 1 ùô†ùôú ùô™ùô£ùô©ùô™ùô† ùô©ùôñùô£ùôñùô¢ùôñùô£ ùôóùô™ùôñùôù, ùô®ùôñùôÆùô™ùôß, ùô©ùôñùô£ùôñùô¢ùôñùô£ ùôóùôñùô©ùôñùô£ùôú ùô†ùôöùôßùôñùô® , ùô•ùôñùôôùôû ùôüùôñùôúùô™ùô£ùôú ùôôùô°ùô°",Rp25.000,9 Terjual,KAB. MAGELANG
Pupuk Kalsium Ratu Bhumi 1Kg pembenah tanah yang rusak dikarenakan kandungan zat kimia di tanah.,Rp50.000,,KAB. TEMANGGUNG
Pupuk CALCIUM CARBONATE B400 REPACK 1KG,Rp2.125,16 Terjual,KOTA BANDAR LAMPUNG
Pupuk Kalsium Murni 99 Asli Kemasan Pabrik 1Kg,Rp25.000,3 Terjual,KAB. KEDIRI
